Score,Subreddit,Sentiment,Submission ID,Subreddit_encoded
0.5337,r/Republican,negative,1gkk78c,0
0.7593631578947369,r/Republican,negative,1gkk9yw,0
0.8668166666666667,r/Republican,positive,1gkl9xu,0
0.75378,r/Republican,positive,1gklef9,0
0.74439375,r/Republican,neutral,1gklgr0,0
0.732226923076923,r/Republican,positive,1gkm92n,0
0.6793454545454546,r/Republican,neutral,1gknhdz,0
0.7216566666666666,r/Republican,neutral,1gknt9y,0
0.6894555555555555,r/Republican,negative,1gkny73,0
0.7319666666666667,r/Republican,negative,1gkpd5n,0
0.7515368421052632,r/Republican,negative,1gkpigb,0
0.695175,r/Republican,neutral,1gkrdsi,0
0.75268,r/Republican,neutral,1gkrl1g,0
0.4578,r/Republican,neutral,1gkrt1q,0
0.8714,r/Republican,negative,1gkrue7,0
0.81225,r/Republican,negative,1gkrxo8,0
0.8271,r/Republican,positive,1gkryg8,0
0.7281799999999999,r/Republican,positive,1gks0dj,0
0.7685,r/Republican,positive,1gks37t,0
0.6875727272727272,r/Republican,positive,1gks3jn,0
0.7225795336787565,r/Republican,negative,1gks6zr,0
0.9646,r/Republican,positive,1gks7hw,0
0.678657142857143,r/Republican,negative,1gks7x5,0
0.7364,r/Republican,positive,1gkscta,0
0.6729,r/Republican,positive,1gksgdq,0
0.5231,r/Republican,positive,1gkshuy,0
0.4727,r/Republican,neutral,1gksjv4,0
0.7012666666666667,r/Republican,neutral,1gkslxm,0
0.4646,r/Republican,negative,1gksop5,0
0.5003,r/Republican,positive,1gksrbh,0
0.6905972972972972,r/Republican,positive,1gksrj8,0
0.788925,r/Republican,neutral,1gksrsi,0
0.7743533333333333,r/Republican,neutral,1gkssdx,0
0.7359199413489736,r/Republican,positive,1gksukk,0
0.7457272727272727,r/Republican,neutral,1gksx0s,0
0.7876,r/Republican,positive,1gkt05e,0
0.6504090909090908,r/Republican,positive,1gkt074,0
0.7270289752650176,r/Republican,negative,1gkt0sk,0
0.8486,r/Republican,positive,1gkt84l,0
0.70195,r/Republican,negative,1gkt97j,0
0.77255,r/Republican,negative,1gkt9cr,0
0.7370583333333333,r/Republican,negative,1gktp39,0
0.72024,r/Republican,neutral,1gktrcd,0
0.6796428571428572,r/Republican,negative,1gku1m4,0
0.7255545454545455,r/Republican,negative,1gkurfm,0
0.748325,r/Republican,neutral,1gkvju5,0
0.9657,r/Republican,positive,1gkxfjb,0
0.7308169999999999,r/Republican,negative,1gkyu2y,0
0.6607,r/Republican,negative,1gkywjr,0
0.9180666666666667,r/Republican,negative,1gkzgy9,0
0.6532666666666667,r/Republican,negative,1gkzjzq,0
0.6347,r/Republican,negative,1gkzm04,0
0.6968799999999999,r/Republican,negative,1gl0u9j,0
0.6587986842105263,r/Republican,neutral,1gl0yg2,0
0.6897,r/Republican,negative,1gl121j,0
0.6876,r/Republican,neutral,1gl1cd9,0
0.6879428571428571,r/Republican,negative,1gl1k6b,0
0.7703285714285714,r/Republican,positive,1gl1uvl,0
0.7288519999999999,r/Republican,negative,1gl24sv,0
0.72675,r/Republican,negative,1gl2e35,0
0.8259,r/Republican,positive,1gl2jb8,0
0.7236675,r/Republican,negative,1gl2nfo,0
0.7181088235294117,r/Republican,negative,1gl33oc,0
0.7373,r/Republican,negative,1gl3msb,0
0.8311,r/Republican,negative,1gl49c9,0
0.6110722222222222,r/Republican,negative,1gl4m78,0
0.777025,r/Republican,neutral,1gl4toh,0
0.517,r/Republican,neutral,1gl5g6e,0
0.68245,r/Republican,neutral,1gl5ovt,0
0.6218857142857143,r/Republican,negative,1gl5rxy,0
0.7731777777777779,r/Republican,neutral,1gl6mfa,0
0.7304464285714286,r/Republican,negative,1gl714p,0
0.7085499999999999,r/Republican,neutral,1gl7lpb,0
0.7652666666666667,r/Republican,negative,1gl7pfy,0
0.6077666666666667,r/Republican,negative,1glaght,0
0.7493432989690721,r/Republican,negative,1glaja1,0
0.72268,r/Republican,negative,1glbqz3,0
0.7863314285714286,r/Republican,negative,1glbx2a,0
0.8391,r/Republican,positive,1glc575,0
0.7236655737704918,r/Republican,negative,1glcimr,0
0.705575,r/Republican,negative,1gldjbk,0
0.73315,r/Republican,positive,1glf4o1,0
0.7552655629139073,r/Republican,negative,1glf6sb,0
0.8231,r/Republican,negative,1glfvoj,0
0.6806285714285715,r/Republican,neutral,1glgeua,0
0.6673555555555555,r/Republican,neutral,1glgnlu,0
0.7257344262295081,r/Republican,negative,1glm5mq,0
0.686545530726257,r/Republican,negative,1glpdqv,0
0.7775666666666666,r/Republican,negative,1glr5qu,0
0.6791808510638299,r/Republican,negative,1glrmjx,0
0.7395342391304347,r/Republican,negative,1glso0o,0
0.7547777777777778,r/Republican,positive,1gltjh5,0
0.6839142857142857,r/Republican,neutral,1gltswj,0
0.6971999999999999,r/Republican,negative,1glua8k,0
0.7195,r/Republican,positive,1glvl3b,0
0.7161234375,r/Republican,negative,1glvro7,0
0.6740125,r/Republican,neutral,1glvzzu,0
0.6106285714285714,r/Republican,negative,1glw13t,0
0.6940333333333334,r/Republican,neutral,1glwfv4,0
0.7852,r/Republican,negative,1glyad4,0
0.67496,r/Republican,negative,1glz05w,0
0.8225769230769231,r/Republican,negative,1gm15ea,0
0.7451740740740741,r/Republican,negative,1gm1ikg,0
0.7396928571428572,r/Republican,positive,1gm21yf,0
0.6493,r/Republican,neutral,1gm23nt,0
0.7496814814814814,r/Republican,negative,1gm3dpc,0
0.73007,r/Republican,neutral,1gm503o,0
0.7182687285223368,r/Republican,negative,1gm5z3f,0
0.7326533333333333,r/Republican,positive,1gm7x3y,0
0.7813666666666667,r/Republican,negative,1gm86k6,0
0.6974714285714285,r/Republican,negative,1gm90s4,0
0.9056666666666667,r/Republican,positive,1gm96yv,0
0.6466566666666667,r/Republican,neutral,1gm9aox,0
0.6070625000000001,r/Republican,positive,1gm9ezj,0
0.74556,r/Republican,neutral,1gmapfs,0
0.677652,r/Republican,negative,1gmbn8u,0
0.7400666666666668,r/Republican,negative,1gmcao2,0
0.7316314893617022,r/Republican,negative,1gmcc16,0
0.751275,r/Republican,negative,1gmeycf,0
0.8231666666666667,r/Republican,negative,1gmfcev,0
0.6838522522522523,r/Republican,negative,1gmgrgm,0
0.8225,r/Republican,negative,1gmguzl,0
0.7543582089552239,r/Republican,negative,1gmk1ui,0
0.8516,r/Republican,positive,1gml16w,0
0.7322971428571429,r/Republican,neutral,1gml9eo,0
0.6756059999999999,r/Republican,neutral,1gmlhm2,0
0.6589333333333334,r/Republican,negative,1gmlndx,0
0.7733333333333334,r/Republican,negative,1gmo7fm,0
0.7308250000000001,r/Republican,negative,1gmqwdc,0
0.6438230769230769,r/Republican,negative,1gmrlom,0
0.7894,r/Republican,negative,1gmt2dg,0
0.7451684210526316,r/Republican,negative,1gmuyxj,0
0.7312342756183746,r/Republican,negative,1gmy4ku,0
0.783625,r/Republican,positive,1gn4c3u,0
0.85398,r/Republican,neutral,1gn94zt,0
0.7323365384615385,r/Republican,negative,1gn9rum,0
0.6918040816326531,r/Republican,negative,1gna20f,0
0.7804905982905983,r/Republican,negative,1gngt81,0
0.6575022727272727,r/Republican,negative,1gnhfx7,0
0.6985666666666667,r/Republican,neutral,1gnisw3,0
0.761305,r/Republican,negative,1gnjnga,0
0.6680173076923077,r/Republican,negative,1gnlaf6,0
0.8148428571428571,r/Republican,negative,1gnm2t8,0
0.7267625,r/Republican,neutral,1gnny38,0
0.6908490196078432,r/Republican,neutral,1gnpifv,0
0.7168500000000001,r/Republican,negative,1gnwj2t,0
0.7212999999999999,r/Republican,negative,1gnyu1o,0
0.6650642857142858,r/Republican,neutral,1gnz4iu,0
0.6385787234042554,r/Republican,negative,1go0eew,0
0.6693241379310344,r/Republican,neutral,1go0opy,0
0.7163142857142857,r/Republican,negative,1go55rx,0
0.6640647058823529,r/Republican,negative,1go7cqq,0
0.7113525,r/Republican,negative,1go7rcz,0
0.7932907407407407,r/Republican,negative,1go8wf0,0
0.7500923076923077,r/Republican,negative,1god3oy,0
0.7269083333333334,r/Republican,positive,1gohjea,0
0.7247875,r/Republican,negative,1goihst,0
0.7253499999999999,r/Republican,negative,1goj2ql,0
0.7042314814814815,r/Republican,negative,1goj69a,0
0.63005,r/Republican,neutral,1goku77,0
0.6667654545454546,r/Republican,negative,1gol4j3,0
0.6957544,r/Republican,negative,1gooevo,0
0.7170300000000001,r/Republican,negative,1goqnt1,0
0.7104,r/Republican,negative,1gosgsn,0
0.7107692307692308,r/Republican,negative,1gotx0n,0
0.8024,r/Republican,negative,1gouker,0
0.67484,r/Republican,negative,1govr6b,0
0.7485035714285714,r/Republican,negative,1gow1nw,0
0.7167166666666667,r/Republican,neutral,1gowic1,0
0.7507222222222222,r/Republican,negative,1goxzgc,0
0.7038181818181818,r/Republican,negative,1goyi4v,0
0.7125800000000001,r/Republican,negative,1gp10hf,0
0.6706533333333333,r/Republican,negative,1gp13sz,0
0.6926379746835444,r/Republican,negative,1gp1uec,0
0.6735,r/Republican,negative,1gp4a6d,0
0.8162,r/Republican,positive,1gp4n98,0
0.76485,r/Republican,positive,1gp4zzf,0
0.7156416666666666,r/Republican,negative,1gp5v6l,0
0.737258962264151,r/Republican,negative,1gp5z0j,0
0.6381333333333333,r/Republican,negative,1gp80i5,0
0.72548,r/Republican,neutral,1gp9934,0
0.9579,r/Republican,positive,1gp9s0n,0
0.6690400000000001,r/Republican,neutral,1gpa2ov,0
0.6678913043478261,r/Republican,neutral,1gpa3g5,0
0.7108538461538461,r/Republican,negative,1gpaxop,0
0.716175,r/Republican,negative,1gpbfwz,0
0.7884272727272728,r/Republican,negative,1gpclvm,0
0.7162136363636363,r/Republican,neutral,1gpcqtm,0
0.7218,r/Republican,negative,1gpjdyh,0
0.8652,r/Republican,negative,1gpjwb8,0
0.6635074074074074,r/Republican,negative,1gpn3ei,0
0.7019537037037038,r/Republican,positive,1gpo9d3,0
0.7441571428571429,r/Republican,negative,1gpot7g,0
0.6381285714285715,r/Republican,neutral,1gpplue,0
0.6816142857142857,r/Republican,neutral,1gpqx8x,0
0.519,r/Republican,positive,1gprpqn,0
0.6778,r/Republican,neutral,1gpsizz,0
0.7155349056603774,r/Republican,neutral,1gptblc,0
0.7096476190476191,r/Republican,neutral,1gpu4is,0
0.7531743455497383,r/Republican,negative,1gpvdm6,0
0.7258508196721312,r/Republican,negative,1gpvtg2,0
0.6996777777777778,r/Republican,neutral,1gpw84f,0
0.7850833333333332,r/Republican,neutral,1gpwumx,0
0.66485,r/Republican,neutral,1gpzar8,0
0.74364,r/Republican,positive,1gpzjsy,0
0.6730977099236641,r/Republican,neutral,1gpznqs,0
0.7602148148148148,r/Republican,negative,1gq1qio,0
0.69445,r/Republican,neutral,1gq2vmg,0
0.7186272727272727,r/Republican,negative,1gq2wax,0
0.7632,r/Republican,negative,1gq4rxe,0
0.7010400000000001,r/Republican,positive,1gq5m83,0
0.6605411764705883,r/Republican,negative,1gq6wv5,0
0.556675,r/Republican,neutral,1gq9tvz,0
0.6745357142857143,r/Republican,negative,1gqd2yk,0
0.6615875,r/Republican,neutral,1gqf5kw,0
0.7345900000000001,r/Republican,negative,1gqfo9o,0
0.6988710691823898,r/Republican,negative,1gqfuoq,0
0.6549536585365854,r/Republican,negative,1gqgd3r,0
0.6550416666666666,r/Republican,negative,1gqgjla,0
0.5743750000000001,r/Republican,neutral,1gqhgwp,0
0.6589333333333334,r/Republican,negative,1gqhqhr,0
0.5775,r/Republican,neutral,1gqhs4t,0
0.658852380952381,r/Republican,neutral,1gqi06k,0
0.6343793103448275,r/Republican,negative,1gqibku,0
0.66978,r/Republican,neutral,1gqic7f,0
0.6716666666666665,r/Republican,neutral,1gqiinh,0
0.7445947368421052,r/Republican,neutral,1gqjv7n,0
0.7091184210526316,r/Republican,negative,1gqn8b9,0
0.6849868131868132,r/Republican,negative,1gqni1p,0
0.6331500000000001,r/Republican,neutral,1gqo8bh,0
0.6810552631578947,r/Republican,negative,1gqs5sm,0
0.6760266666666667,r/Republican,neutral,1gqwwc6,0
0.683036923076923,r/Republican,negative,1gqxhl9,0
0.6615964285714285,r/Republican,negative,1gr3lyd,0
0.733540909090909,r/Republican,neutral,1gr8scu,0
0.657888888888889,r/Republican,negative,1gra21h,0
0.7034516129032258,r/Republican,negative,1grarhk,0
0.6739208333333333,r/Republican,negative,1grcn2u,0
0.7655875,r/Republican,negative,1grdbe8,0
0.7147961538461539,r/Republican,negative,1greldf,0
0.76293,r/Republican,negative,1grh8f3,0
0.7040611111111111,r/Republican,negative,1grhg6q,0
0.7294142857142857,r/Republican,negative,1grhr5s,0
0.7184970588235293,r/Republican,negative,1gri1zj,0
0.6738857142857143,r/Republican,negative,1grj36z,0
0.7723,r/Republican,negative,1grn05i,0
0.6731551724137931,r/Republican,neutral,1grn4d1,0
0.8223,r/Republican,positive,1grqoxj,0
0.5652,r/Republican,neutral,1grrvyl,0
0.7150392857142858,r/Republican,negative,1grshk3,0
0.7600750000000001,r/Republican,neutral,1grw878,0
0.6935222222222222,r/Republican,neutral,1grxzjs,0
0.6267636363636364,r/Republican,negative,1gry551,0
0.6875375,r/Republican,negative,1gs04zf,0
0.7468375,r/Republican,negative,1gs0r4p,0
0.7342328767123287,r/Republican,negative,1gs0wc1,0
0.649125806451613,r/Republican,negative,1gs0ynf,0
0.706704,r/Republican,negative,1gs1hdb,0
0.56725,r/Republican,negative,1gs1nxe,0
0.68149375,r/Republican,negative,1gs1prg,0
0.7189354679802956,r/Republican,negative,1gs2b3g,0
0.666,r/Republican,neutral,1gs2bby,0
0.7027315789473685,r/Republican,negative,1gs2j2z,0
0.773925,r/Republican,positive,1gscwed,0
0.6643875,r/Republican,neutral,1gsevx5,0
0.7164347826086958,r/Republican,negative,1gsl85z,0
0.7481166666666667,r/Republican,positive,1gsldjf,0
0.7278999999999999,r/Republican,negative,1gsnkos,0
0.7910883720930233,r/Republican,negative,1gsridr,0
0.7106942028985508,r/Republican,negative,1gsril9,0
0.7270333333333334,r/Republican,negative,1gstyr6,0
0.7177212121212121,r/Republican,negative,1gsxics,0
0.6677555555555555,r/Republican,negative,1gsxrz3,0
0.7538,r/Republican,negative,1gsybll,0
0.7437456621004567,r/Republican,negative,1gt0dln,0
0.6820488095238095,r/Republican,neutral,1gt4j2w,0
0.7890741935483871,r/Republican,negative,1gt4jyd,0
0.7840166666666667,r/Republican,neutral,1gt59d2,0
0.68805,r/Republican,neutral,1gt72f7,0
0.7887000000000001,r/Republican,negative,1gt86s7,0
0.6471230769230769,r/Republican,negative,1gte8sp,0
0.5766,r/Republican,negative,1gtfnh3,0
0.73098125,r/Republican,negative,1gtg0sv,0
0.659675,r/Republican,neutral,1gthgxo,0
0.6940961538461539,r/Republican,negative,1gtmuiy,0
0.7337107142857142,r/Republican,negative,1gtrl95,0
0.74805,r/Republican,negative,1gtupgj,0
0.71837,r/Republican,negative,1gu6t2g,0
0.6873333333333334,r/Republican,negative,1gu8egh,0
0.6984041666666667,r/Republican,negative,1gu8pso,0
0.807225,r/Republican,negative,1gu944z,0
0.62785,r/Republican,neutral,1gua2me,0
0.6971844827586208,r/Republican,negative,1gud065,0
0.7735583333333333,r/Republican,negative,1gufjhm,0
0.8496833333333332,r/Republican,positive,1guh6id,0
0.6707714285714286,r/Democrats,neutral,1gkk4w7,1
0.6570750000000001,r/Democrats,neutral,1gkkavy,1
0.7213333333333334,r/Democrats,neutral,1gkkh2z,1
0.74066,r/Democrats,negative,1gkknun,1
0.7449586956521739,r/Democrats,negative,1gkkowd,1
0.6677500000000001,r/Democrats,neutral,1gkkt4p,1
0.9047942857142857,r/Democrats,positive,1gklbb0,1
0.7261647058823529,r/Democrats,negative,1gkldn3,1
0.9016333333333334,r/Democrats,positive,1gkllmg,1
0.7090000000000001,r/Democrats,neutral,1gkls8z,1
0.797,r/Democrats,neutral,1gkly2i,1
0.56835,r/Democrats,neutral,1gkm01f,1
0.64276,r/Democrats,positive,1gkm136,1
0.746776,r/Democrats,neutral,1gkm7ek,1
0.98455,r/Democrats,positive,1gkm9wc,1
0.7768,r/Democrats,neutral,1gkmawc,1
0.4677,r/Democrats,negative,1gkmbk5,1
0.77242,r/Democrats,negative,1gkmk2h,1
0.7207027027027028,r/Democrats,negative,1gkmr0r,1
0.4413,r/Democrats,positive,1gkmsv4,1
0.7491428571428571,r/Democrats,positive,1gkmtfj,1
0.6913972222222222,r/Democrats,neutral,1gkmw5s,1
0.6733333333333333,r/Democrats,neutral,1gkmxrj,1
0.7879037037037037,r/Democrats,neutral,1gkmzj6,1
0.745832911392405,r/Democrats,negative,1gkmzkr,1
0.7481,r/Democrats,negative,1gknc14,1
0.47735,r/Democrats,neutral,1gknj8d,1
0.7231354166666667,r/Democrats,neutral,1gknq6l,1
0.8536,r/Democrats,positive,1gknusv,1
0.6989166666666667,r/Democrats,neutral,1gknwqx,1
0.7458740740740741,r/Democrats,negative,1gknycr,1
0.5072,r/Democrats,neutral,1gko0p3,1
0.7175272727272728,r/Democrats,neutral,1gko5py,1
0.66245,r/Democrats,neutral,1gko6oi,1
0.75805,r/Democrats,negative,1gkoak4,1
0.6686,r/Democrats,negative,1gkob2z,1
0.6829577777777778,r/Democrats,neutral,1gkof9r,1
0.7568847058823529,r/Democrats,negative,1gkokm4,1
0.8062,r/Democrats,positive,1gkou52,1
0.5685,r/Democrats,negative,1gkovj2,1
0.8620666666666666,r/Democrats,negative,1gkox33,1
0.73085,r/Democrats,negative,1gkox3r,1
0.68768,r/Democrats,neutral,1gkpass,1
0.73445,r/Democrats,negative,1gkpifg,1
0.6966117647058824,r/Democrats,negative,1gkpjiq,1
0.557325,r/Democrats,neutral,1gkpl4x,1
0.6989170212765957,r/Democrats,negative,1gkplif,1
0.7115,r/Democrats,neutral,1gkplqf,1
0.7020338461538461,r/Democrats,negative,1gkpojh,1
0.6935875,r/Democrats,neutral,1gkpsfy,1
0.7417692307692308,r/Democrats,negative,1gkpst8,1
0.7260608695652174,r/Democrats,negative,1gkpsxz,1
0.59575,r/Democrats,negative,1gkptws,1
0.6643923076923077,r/Democrats,neutral,1gkpu6l,1
0.7050369863013699,r/Democrats,negative,1gkpu6n,1
0.7204545454545455,r/Democrats,negative,1gkpujz,1
0.7022428571428572,r/Democrats,neutral,1gkpxpi,1
0.84965,r/Democrats,negative,1gkpyke,1
0.7376428571428572,r/Democrats,negative,1gkq36f,1
0.7556214285714286,r/Democrats,negative,1gkq5tb,1
0.7287640625,r/Democrats,negative,1gkq6cr,1
0.7691117647058823,r/Democrats,negative,1gkq7ji,1
0.6616726190476191,r/Democrats,neutral,1gkq7z9,1
0.6708540983606558,r/Democrats,neutral,1gkq8e9,1
0.8659749999999999,r/Democrats,negative,1gkq8ln,1
0.61865,r/Democrats,negative,1gkqa67,1
0.6866092307692309,r/Democrats,neutral,1gkqbqt,1
0.7692969696969697,r/Democrats,negative,1gkqbty,1
0.8200000000000001,r/Democrats,negative,1gkqc97,1
0.6697071428571428,r/Democrats,neutral,1gkqcwe,1
0.6642052631578947,r/Democrats,neutral,1gkqj3w,1
0.7218740740740741,r/Democrats,negative,1gkqjhe,1
0.6402866666666667,r/Democrats,negative,1gkqplj,1
0.7363117647058823,r/Democrats,neutral,1gkqpre,1
0.7063625,r/Democrats,negative,1gkqpxc,1
0.7342666666666666,r/Democrats,negative,1gkqsjt,1
0.7293534031413612,r/Democrats,negative,1gkqudi,1
0.7279100884955753,r/Democrats,negative,1gkqyza,1
0.70286,r/Democrats,neutral,1gkr2u3,1
0.6641351351351351,r/Democrats,neutral,1gkr6qp,1
0.6822116279069768,r/Democrats,neutral,1gkr8qx,1
0.7122032608695652,r/Democrats,negative,1gkra4u,1
0.7084790055248619,r/Democrats,negative,1gkrfsr,1
0.7208821428571428,r/Democrats,negative,1gkrj8g,1
0.7912,r/Democrats,negative,1gkrkaj,1
0.7786,r/Democrats,negative,1gkro7a,1
0.6624479999999999,r/Democrats,neutral,1gkronz,1
0.6722794871794873,r/Democrats,negative,1gkrt6u,1
0.7653190476190476,r/Democrats,negative,1gkrv8b,1
0.7696999999999999,r/Democrats,negative,1gkrwyx,1
0.6153777777777778,r/Democrats,neutral,1gks0yr,1
0.7147536121673004,r/Democrats,negative,1gks1jf,1
0.673254081632653,r/Democrats,neutral,1gks6hq,1
0.5810000000000001,r/Democrats,neutral,1gks72b,1
0.733948275862069,r/Democrats,negative,1gks938,1
0.7125153846153847,r/Democrats,negative,1gks93z,1
0.7396499999999999,r/Democrats,negative,1gksbfb,1
0.8632,r/Democrats,positive,1gkscvq,1
0.692384375,r/Democrats,neutral,1gksfnh,1
0.7092868525896414,r/Democrats,negative,1gksmdm,1
0.707011746031746,r/Democrats,negative,1gksmzg,1
0.7195842524161455,r/Democrats,negative,1gksn3l,1
0.7098565459610028,r/Democrats,negative,1gksnyu,1
0.6972777777777778,r/Democrats,negative,1gktme9,1
0.7340333333333333,r/Democrats,negative,1gkuovr,1
0.6729967741935483,r/Democrats,negative,1gkuy6r,1
0.7722875,r/Democrats,negative,1gkvdez,1
0.7165712820512821,r/Democrats,negative,1gkvxy6,1
0.709982183908046,r/Democrats,negative,1gkypm9,1
0.6823931506849316,r/Democrats,negative,1gkzekh,1
0.6760154639175258,r/Democrats,negative,1gl33aq,1
0.7363690322580645,r/Democrats,negative,1gl3561,1
0.6957423280423279,r/Democrats,negative,1gl54pa,1
0.6941377019748654,r/Democrats,negative,1gl5oqg,1
0.6886657894736843,r/Democrats,negative,1gl6kn6,1
0.7160705882352941,r/Democrats,negative,1gl88fm,1
0.7445333333333333,r/Democrats,positive,1gl8yfu,1
0.7370666666666666,r/Democrats,neutral,1glac1a,1
0.7096196319018405,r/Democrats,negative,1glanow,1
0.73886,r/Democrats,negative,1glatkf,1
0.6824048913043478,r/Democrats,negative,1glbat0,1
0.7881,r/Democrats,negative,1gld5xw,1
0.754285,r/Democrats,negative,1gldusw,1
0.8359,r/Democrats,positive,1gldyre,1
0.7460134453781513,r/Democrats,negative,1gle98w,1
0.745235064935065,r/Democrats,negative,1glebeb,1
0.7598083333333333,r/Democrats,negative,1glemcz,1
0.8403333333333333,r/Democrats,negative,1gleqvu,1
0.9707,r/Democrats,positive,1glez47,1
0.6674216326530613,r/Democrats,negative,1glf04z,1
0.585125,r/Democrats,negative,1glfdj5,1
0.7480208333333334,r/Democrats,negative,1glfmla,1
0.6683388888888889,r/Democrats,negative,1glfu87,1
0.7465,r/Democrats,negative,1glg1f7,1
0.7099309523809524,r/Democrats,negative,1glg3a0,1
0.7623109375,r/Democrats,negative,1glgj2u,1
0.6553333333333334,r/Democrats,neutral,1glgoi0,1
0.705773076923077,r/Democrats,neutral,1glhb94,1
0.6641421052631579,r/Democrats,negative,1glhpc8,1
0.7132166666666667,r/Democrats,negative,1glhtv0,1
0.7067,r/Democrats,negative,1glhv41,1
0.8339666666666666,r/Democrats,neutral,1gli5ik,1
0.7827458333333334,r/Democrats,negative,1gliklk,1
0.680486440677966,r/Democrats,negative,1glipvt,1
0.7351644444444444,r/Democrats,negative,1glj4sj,1
0.6227,r/Democrats,negative,1gljgh3,1
0.725551948051948,r/Democrats,negative,1gljz1k,1
0.65476,r/Democrats,neutral,1glk477,1
0.7211609848484849,r/Democrats,negative,1glkrhk,1
0.6703641025641026,r/Democrats,neutral,1glm557,1
0.7005494623655913,r/Democrats,negative,1glm617,1
0.7521,r/Democrats,positive,1glm75u,1
0.7359863636363637,r/Democrats,negative,1glps9i,1
0.6909,r/Democrats,negative,1glqm1y,1
0.7237870609981516,r/Democrats,negative,1glqrno,1
0.719098828125,r/Democrats,negative,1glqsfq,1
0.7091494382022472,r/Democrats,negative,1glr21p,1
0.7139,r/Democrats,neutral,1glr4bo,1
0.7673942307692307,r/Democrats,negative,1glrez5,1
0.7218057142857143,r/Democrats,negative,1glribr,1
0.7505000000000001,r/Democrats,negative,1glrj38,1
0.6551555555555555,r/Democrats,negative,1glroky,1
0.8076083333333334,r/Democrats,negative,1glruhr,1
0.7908,r/Democrats,negative,1glrx0u,1
0.9679,r/Democrats,negative,1gls2jo,1
0.7188072289156626,r/Democrats,negative,1glsabg,1
0.7252310043668122,r/Democrats,negative,1glsaqu,1
0.603,r/Democrats,positive,1gltg0s,1
0.70145,r/Democrats,positive,1glto1l,1
0.7345941176470587,r/Democrats,negative,1glturx,1
0.6644418604651163,r/Democrats,neutral,1gltx9c,1
0.6748703703703703,r/Democrats,negative,1glu0i7,1
0.57626,r/Democrats,neutral,1glu7y3,1
0.5467,r/Democrats,negative,1gluieb,1
0.6336444444444445,r/Democrats,neutral,1gluv4m,1
0.6477551724137931,r/Democrats,neutral,1glv0v1,1
0.5256,r/Democrats,neutral,1glvcoa,1
0.6299708333333333,r/Democrats,neutral,1glvdhr,1
0.6927409090909091,r/Democrats,negative,1glvf0t,1
0.6845888888888889,r/Democrats,negative,1glvfbf,1
0.51085,r/Democrats,neutral,1glvz6w,1
0.74901,r/Democrats,neutral,1glw975,1
0.8288,r/Democrats,negative,1glwebd,1
0.5193333333333333,r/Democrats,neutral,1glwjt7,1
0.7355618911174785,r/Democrats,negative,1glwsm0,1
0.6907302325581395,r/Democrats,neutral,1glx0ig,1
0.6954070063694268,r/Democrats,negative,1glx2s7,1
0.558225,r/Democrats,neutral,1glx476,1
0.74626,r/Democrats,neutral,1glx8t4,1
0.6781037735849057,r/Democrats,negative,1glxawa,1
0.6818388888888889,r/Democrats,negative,1glxwdb,1
0.6935951754385965,r/Democrats,negative,1glypdf,1
0.6794428571428571,r/Democrats,neutral,1glyvjc,1
0.752207142857143,r/Democrats,negative,1glzgxy,1
0.62816,r/Democrats,negative,1glzmii,1
0.7091573170731708,r/Democrats,negative,1glzxa0,1
0.6822813725490195,r/Democrats,negative,1gm0kvr,1
0.689475,r/Democrats,negative,1gm0vpt,1
0.70455625,r/Democrats,negative,1gm0yrs,1
0.7018017241379311,r/Democrats,negative,1gm1c4n,1
0.7294285714285714,r/Democrats,neutral,1gm1kp9,1
0.7095,r/Democrats,negative,1gm23j3,1
0.6954193548387096,r/Democrats,negative,1gm2djb,1
0.686271875,r/Democrats,negative,1gm2vx4,1
0.6711636363636363,r/Democrats,negative,1gm3sl5,1
0.7096428571428571,r/Democrats,negative,1gm4blm,1
0.686982474226804,r/Democrats,negative,1gm4mso,1
0.70676,r/Democrats,neutral,1gm4vrp,1
0.7072541666666666,r/Democrats,negative,1gm52v7,1
0.6383000000000001,r/Democrats,neutral,1gm5pja,1
0.4931,r/Democrats,negative,1gm5xk7,1
0.7293117647058824,r/Democrats,negative,1gm5yy4,1
0.6203,r/Democrats,neutral,1gm5z36,1
0.7799999999999999,r/Democrats,neutral,1gm60eb,1
0.77255,r/Democrats,negative,1gm6c7h,1
0.7617057692307692,r/Democrats,negative,1gm6k7z,1
0.66305,r/Democrats,negative,1gm6trk,1
0.6925159999999999,r/Democrats,negative,1gm6wm6,1
0.7668,r/Democrats,negative,1gm73jj,1
0.6972411764705883,r/Democrats,negative,1gm7piy,1
0.7212333333333333,r/Democrats,negative,1gm7vdp,1
0.6792845637583893,r/Democrats,negative,1gm899o,1
0.6344500000000001,r/Democrats,neutral,1gm8nhd,1
0.8105,r/Democrats,negative,1gm8ogy,1
0.6883142857142858,r/Democrats,negative,1gm8orn,1
0.7776111111111111,r/Democrats,negative,1gm9dek,1
0.6833,r/Democrats,neutral,1gm9eh6,1
0.746425,r/Democrats,neutral,1gm9pyv,1
0.6812304721030042,r/Democrats,negative,1gm9ysi,1
0.7017571428571429,r/Democrats,negative,1gma85w,1
0.5775571428571429,r/Democrats,neutral,1gmabvj,1
0.7444384615384615,r/Democrats,positive,1gmad1v,1
0.622,r/Democrats,negative,1gmamd6,1
0.700290206185567,r/Democrats,neutral,1gmao32,1
0.8716999999999999,r/Democrats,neutral,1gmba3r,1
0.5433,r/Democrats,neutral,1gmblrw,1
0.7075382716049383,r/Democrats,negative,1gmc16g,1
0.8105,r/Democrats,negative,1gmc6y1,1
0.6815,r/Democrats,neutral,1gmcdkl,1
0.6648355932203389,r/Democrats,negative,1gmd4qb,1
0.7471111111111112,r/Democrats,negative,1gmdv5j,1
0.777,r/Democrats,negative,1gmdvm3,1
0.8032772727272728,r/Democrats,positive,1gmgpg6,1
0.7973,r/Democrats,negative,1gmgr8w,1
0.69445,r/Democrats,neutral,1gmjg6t,1
0.7198440639269407,r/Democrats,negative,1gmjk01,1
0.7203484848484848,r/Democrats,negative,1gmjmzo,1
0.6966950354609929,r/Democrats,negative,1gmlg06,1
0.6941294117647059,r/Democrats,negative,1gmlq6j,1
0.7450850574712644,r/Democrats,negative,1gmlq9l,1
0.7265,r/Democrats,negative,1gmnlje,1
0.6447857142857144,r/Democrats,negative,1gmo82j,1
0.6838304347826086,r/Democrats,negative,1gmp5uf,1
0.6824039215686274,r/Democrats,negative,1gmpaqa,1
0.5875,r/Democrats,neutral,1gmpb8o,1
0.9069499999999999,r/Democrats,positive,1gmpbrx,1
0.8479333333333333,r/Democrats,negative,1gmpn1x,1
0.9251166666666667,r/Democrats,positive,1gmprbw,1
0.7288575471698113,r/Democrats,negative,1gmprdz,1
0.799925,r/Democrats,negative,1gmpsad,1
0.9273,r/Democrats,positive,1gmqdmm,1
0.6945615384615385,r/Democrats,neutral,1gmqqlu,1
0.6963444444444444,r/Democrats,neutral,1gmr4xe,1
0.8334857142857143,r/Democrats,negative,1gmr8nc,1
0.486,r/Democrats,negative,1gmredr,1
0.7579625,r/Democrats,negative,1gmrnrm,1
0.7221340425531915,r/Democrats,negative,1gms0nf,1
0.7254638888888889,r/Democrats,negative,1gmsctl,1
0.6768119047619048,r/Democrats,negative,1gmse87,1
0.7036476190476191,r/Democrats,negative,1gmsewy,1
0.7594172043010753,r/Democrats,positive,1gmsnq6,1
0.7882414285714285,r/Democrats,negative,1gmssk6,1
0.6203545454545455,r/Democrats,negative,1gmsu4l,1
0.6967,r/Democrats,negative,1gmtr2t,1
0.7192703947368421,r/Democrats,negative,1gmu07t,1
0.7359666666666667,r/Democrats,negative,1gmu7p1,1
0.6374,r/Democrats,neutral,1gmv6ia,1
0.7477375,r/Democrats,negative,1gmv8qn,1
0.5947666666666667,r/Democrats,neutral,1gmvmfw,1
0.67803125,r/Democrats,neutral,1gmvvgt,1
0.7134586776859505,r/Democrats,negative,1gmw64d,1
0.7595125,r/Democrats,positive,1gmwikh,1
0.6994636363636363,r/Democrats,negative,1gmwq7w,1
0.64755,r/Democrats,negative,1gmxx08,1
0.9196,r/Democrats,positive,1gmyk6f,1
0.5134,r/Democrats,neutral,1gmyko2,1
0.6815666666666667,r/Democrats,neutral,1gmzd2e,1
0.8162,r/Democrats,negative,1gmzl7f,1
0.6853819444444444,r/Democrats,negative,1gn0xt6,1
0.7005,r/Democrats,negative,1gn186x,1
0.7106233009708738,r/Democrats,negative,1gn1sxg,1
0.6988095744680851,r/Democrats,negative,1gn2ujc,1
0.6925105263157895,r/Democrats,negative,1gn33a6,1
0.6887769230769231,r/Democrats,negative,1gn35ax,1
0.716151724137931,r/Democrats,negative,1gn3b4z,1
0.6376919999999999,r/Democrats,neutral,1gn9zkm,1
0.7374719298245613,r/Democrats,negative,1gnarzk,1
0.6822555555555555,r/Democrats,neutral,1gncx5w,1
0.7016424657534247,r/Democrats,negative,1gncxf8,1
0.7350260869565217,r/Democrats,neutral,1gnd0xh,1
0.7282735294117648,r/Democrats,neutral,1gndch7,1
0.6880979716024341,r/Democrats,neutral,1gndryj,1
0.7511620000000001,r/Democrats,negative,1gndvlw,1
0.7188616666666667,r/Democrats,negative,1gndwmf,1
0.4992,r/Democrats,neutral,1gnhas9,1
0.690125,r/Democrats,negative,1gnj9hr,1
0.7012,r/Democrats,neutral,1gnjjz9,1
0.7204772727272727,r/Democrats,negative,1gnjr0m,1
0.7088125,r/Democrats,negative,1gnkhd9,1
0.694126923076923,r/Democrats,neutral,1gnklzw,1
0.7324,r/Democrats,positive,1gnktpt,1
0.6887242142025611,r/Democrats,negative,1gnlw9n,1
0.6777583333333334,r/Democrats,negative,1gnm2fk,1
0.6884145299145299,r/Democrats,negative,1gnn6nh,1
0.7430047058823529,r/Democrats,negative,1gnnoxs,1
0.6419515151515152,r/Democrats,negative,1gnnpdk,1
0.6856534883720931,r/Democrats,negative,1gnpzfj,1
0.7718333333333334,r/Democrats,negative,1gnqqy8,1
0.7486999999999999,r/Democrats,negative,1gnrjja,1
0.6636044444444444,r/Democrats,negative,1gnrkxv,1
0.6958134453781513,r/Democrats,negative,1gnslmv,1
0.7318272727272728,r/Democrats,negative,1gnubiz,1
0.5726333333333333,r/Democrats,neutral,1gnuvji,1
0.5854,r/Democrats,negative,1gnvvsh,1
0.7037317073170732,r/Democrats,negative,1go0eza,1
0.6904414285714285,r/Democrats,negative,1go0zxd,1
0.6937918032786885,r/Democrats,negative,1go22sx,1
0.6995148148148148,r/Democrats,neutral,1go26dl,1
0.6903896810506567,r/Democrats,negative,1go2sdb,1
0.7191442379182157,r/Democrats,negative,1go3hq0,1
0.7063782426778242,r/Democrats,negative,1go3k7j,1
0.6494222222222222,r/Democrats,neutral,1go41iu,1
0.7311004672897197,r/Democrats,negative,1go5btm,1
0.7288416666666667,r/Democrats,negative,1go5ktb,1
0.7135416666666666,r/Democrats,neutral,1go6y1f,1
0.7982666666666667,r/Democrats,positive,1go734q,1
0.6612897435897437,r/Democrats,neutral,1go8pd1,1
0.7179560975609756,r/Democrats,negative,1go9bk6,1
0.54845,r/Democrats,neutral,1goafab,1
0.6828341563786008,r/Democrats,negative,1goax7z,1
0.711147,r/Democrats,negative,1goc1ng,1
0.7098837004405286,r/Democrats,negative,1goe6qf,1
0.6434666666666667,r/Democrats,negative,1goewtp,1
0.7264340823970037,r/Democrats,negative,1gof0b8,1
0.6592916666666667,r/Democrats,negative,1gofq5y,1
0.6797979591836735,r/Democrats,neutral,1gog378,1
0.7010139285714285,r/Democrats,negative,1gogu97,1
0.7132432432432433,r/Democrats,neutral,1gohvuw,1
0.7394166666666667,r/Democrats,negative,1gohxil,1
0.6368,r/Democrats,neutral,1goirbl,1
0.7366874015748031,r/Democrats,negative,1goiru5,1
0.7060264705882353,r/Democrats,negative,1goknyq,1
0.6778241379310345,r/Democrats,neutral,1goq3ea,1
0.7486755555555555,r/Democrats,negative,1goscrp,1
0.7623716981132076,r/Democrats,negative,1goszlc,1
0.8563142857142857,r/Democrats,negative,1got92r,1
0.7153122994652406,r/Democrats,negative,1goup83,1
0.6995967741935484,r/Democrats,negative,1gov13c,1
0.7180749999999999,r/Democrats,negative,1gowkf4,1
0.7603945652173912,r/Democrats,negative,1gowpwk,1
0.8404,r/Democrats,negative,1gox3ym,1
0.7091781659388646,r/Democrats,negative,1goy1rb,1
0.7220287878787879,r/Democrats,negative,1goym9x,1
0.6761818181818181,r/Democrats,negative,1goypqx,1
0.7174098360655737,r/Democrats,neutral,1gp1kbk,1
0.6701142857142858,r/Democrats,negative,1gp1vfi,1
0.7022772727272727,r/Democrats,neutral,1gp24ls,1
0.7366113207547169,r/Democrats,negative,1gp3b0k,1
0.6837027777777778,r/Democrats,negative,1gp3j4i,1
0.6811166666666666,r/Democrats,positive,1gp6v2l,1
0.7433875,r/Democrats,neutral,1gp6x0l,1
0.6799142857142857,r/Democrats,neutral,1gp7cu8,1
0.6833142857142857,r/Democrats,neutral,1gp8466,1
0.6834712328767123,r/Democrats,negative,1gp8ba7,1
0.6919044585987262,r/Democrats,negative,1gp8r34,1
0.7328290322580645,r/Democrats,negative,1gp8t3h,1
0.7132550505050506,r/Democrats,neutral,1gpa8mm,1
0.7269647887323943,r/Democrats,neutral,1gpae50,1
0.7166495798319328,r/Democrats,negative,1gpaqet,1
0.6974744186046511,r/Democrats,neutral,1gpbi5s,1
0.6651625,r/Democrats,neutral,1gpbljq,1
0.8087181818181818,r/Democrats,negative,1gpi0e2,1
0.718959375,r/Democrats,negative,1gpj5mi,1
0.6817533333333333,r/Democrats,negative,1gpjd4c,1
0.6970947368421052,r/Democrats,neutral,1gplefe,1
0.7350304347826087,r/Democrats,neutral,1gplt8v,1
0.7736518518518518,r/Democrats,negative,1gplwec,1
0.7465613207547169,r/Democrats,negative,1gpn6a4,1
0.7020839215686274,r/Democrats,negative,1gpn6ue,1
0.6744846153846153,r/Democrats,neutral,1gpoxoj,1
0.7516488372093023,r/Democrats,negative,1gpqojb,1
0.8435,r/Democrats,neutral,1gpqupn,1
0.663652,r/Democrats,neutral,1gprizf,1
0.7446466346153847,r/Democrats,negative,1gprvlu,1
0.668595,r/Democrats,negative,1gps8al,1
0.73504,r/Democrats,negative,1gpu3r0,1
0.6940000000000001,r/Democrats,negative,1gpvu0s,1
0.6434863636363637,r/Democrats,negative,1gpx33w,1
0.6842230769230769,r/Democrats,negative,1gpy2hp,1
0.7069854,r/Democrats,negative,1gpzvxi,1
0.7003258620689654,r/Democrats,negative,1gq0hdt,1
0.738925,r/Democrats,negative,1gq0irh,1
0.7683021739130436,r/Democrats,negative,1gq0z1h,1
0.6729555555555555,r/Democrats,negative,1gq18a4,1
0.7629807692307692,r/Democrats,negative,1gq1amh,1
0.76859375,r/Democrats,negative,1gq1c2p,1
0.625675,r/Democrats,negative,1gq1ip1,1
0.6896698630136986,r/Democrats,negative,1gq1jsw,1
0.6742594059405941,r/Democrats,negative,1gq1ujx,1
0.6602,r/Democrats,neutral,1gq29bz,1
0.6848592592592593,r/Democrats,neutral,1gq2y70,1
0.7019375,r/Democrats,negative,1gq3ezm,1
0.58085,r/Democrats,negative,1gq4eh2,1
0.6810725,r/Democrats,negative,1gq4m1y,1
0.7772461538461539,r/Democrats,negative,1gq4nrh,1
0.83115,r/Democrats,positive,1gq4xc4,1
0.7161082474226804,r/Democrats,negative,1gq649u,1
0.7292446927374301,r/Democrats,negative,1gq6ky0,1
0.7190066666666667,r/Democrats,negative,1gq7m7g,1
0.6928785714285715,r/Democrats,negative,1gqad5z,1
0.71646,r/Democrats,negative,1gqdo80,1
0.6883959459459459,r/Democrats,negative,1gqfv2e,1
0.6652,r/Democrats,neutral,1gqhzg4,1
0.6748767605633803,r/Democrats,neutral,1gqj2pt,1
0.671,r/Democrats,negative,1gqkfn4,1
0.70014375,r/Democrats,negative,1gqm4ew,1
0.7505703703703703,r/Democrats,negative,1gqm9mp,1
0.6908075362318841,r/Democrats,negative,1gqmqgr,1
0.6997402116402116,r/Democrats,negative,1gqn017,1
0.7402733644859812,r/Democrats,negative,1gqna60,1
0.8096166666666665,r/Democrats,negative,1gqnbfg,1
0.81985,r/Democrats,negative,1gqndbn,1
0.6970833333333334,r/Democrats,neutral,1gqnhft,1
0.668208552631579,r/Democrats,negative,1gqnof5,1
0.6551416666666666,r/Democrats,negative,1gqo00q,1
0.7233769230769231,r/Democrats,negative,1gqo5ms,1
0.6804505617977528,r/Democrats,neutral,1gqo8kh,1
0.7277000000000001,r/Democrats,neutral,1gqpalv,1
0.7322219512195122,r/Democrats,negative,1gqpss0,1
0.6059249999999999,r/Democrats,neutral,1gqpv96,1
0.8152666666666667,r/Democrats,neutral,1gqqdqe,1
0.7018081545064377,r/Democrats,negative,1gqqesw,1
0.6383777777777778,r/Democrats,neutral,1gqr5ma,1
0.73265,r/Democrats,neutral,1gqr963,1
0.7385884057971015,r/Democrats,negative,1gqrkqv,1
0.805575,r/Democrats,negative,1gqs395,1
0.626328,r/Democrats,neutral,1gqsb2h,1
0.7351977528089887,r/Democrats,negative,1gqsfst,1
0.7021093264248706,r/Democrats,negative,1gqsqgz,1
0.7379625000000001,r/Democrats,negative,1gqtc1z,1
0.6989590062111801,r/Democrats,negative,1gqtjuz,1
0.7164699999999999,r/Democrats,neutral,1gqu3p4,1
0.7397363636363636,r/Democrats,negative,1gqvjib,1
0.6777736842105263,r/Democrats,negative,1gqvo95,1
0.7016,r/Democrats,neutral,1gqy5f1,1
0.7234833333333334,r/Democrats,neutral,1gr5tuk,1
0.7125083333333334,r/Democrats,positive,1gr6vdb,1
0.7062147252747253,r/Democrats,negative,1gr7iwb,1
0.6419,r/Democrats,negative,1gr7xsd,1
0.648875,r/Democrats,neutral,1gr9s1u,1
0.7283451612903226,r/Democrats,negative,1gr9wcz,1
0.7285487179487179,r/Democrats,negative,1graf6u,1
0.7025229235880398,r/Democrats,neutral,1grc0ij,1
0.6711608695652174,r/Democrats,negative,1grcm2n,1
0.7145352380952381,r/Democrats,negative,1grczuu,1
0.717937125748503,r/Democrats,negative,1grd4y5,1
0.7145922509225092,r/Democrats,negative,1grdz9f,1
0.7035333333333333,r/Democrats,negative,1gref0j,1
0.6658058479532164,r/Democrats,neutral,1gregr6,1
0.49675,r/Democrats,neutral,1grg1uy,1
0.7083057692307692,r/Democrats,negative,1grgeuf,1
0.6925325581395348,r/Democrats,negative,1grgpk5,1
0.7283811594202898,r/Democrats,negative,1grgtjv,1
0.7187399999999999,r/Democrats,negative,1gri37p,1
0.6859,r/Democrats,neutral,1grkhze,1
0.6605666666666666,r/Democrats,neutral,1grl87s,1
0.7255238095238096,r/Democrats,negative,1grp17s,1
0.7115538461538461,r/Democrats,negative,1grr89b,1
0.6793870967741935,r/Democrats,negative,1grvp2p,1
0.7317939393939394,r/Democrats,negative,1grxk6m,1
0.694504761904762,r/Democrats,negative,1gryvxw,1
0.6897758620689655,r/Democrats,negative,1grzcez,1
0.6757,r/Democrats,negative,1gs0o9i,1
0.7064393939393939,r/Democrats,negative,1gs1v2s,1
0.6660230769230769,r/Democrats,negative,1gs2okb,1
0.7171828571428572,r/Democrats,negative,1gs3u8u,1
0.73431469740634,r/Democrats,negative,1gs5c9m,1
0.7515575342465753,r/Democrats,negative,1gs7f18,1
0.7560749999999999,r/Democrats,negative,1gs86sd,1
0.7483184713375797,r/Democrats,negative,1gs8yvc,1
0.8961526315789474,r/Democrats,positive,1gs999n,1
0.6392666666666666,r/Democrats,neutral,1gs9cyh,1
0.74508,r/Democrats,negative,1gs9foq,1
0.7322342857142857,r/Democrats,negative,1gsaa3v,1
0.7032966101694915,r/Democrats,negative,1gsabog,1
0.6456000000000001,r/Democrats,neutral,1gsaytn,1
0.602225,r/Democrats,negative,1gsba0z,1
0.7383246376811594,r/Democrats,negative,1gscuvg,1
0.7347428571428571,r/Democrats,neutral,1gsfc6r,1
0.7055582278481013,r/Democrats,negative,1gshef4,1
0.7223428348909657,r/Democrats,negative,1gsmwdz,1
0.7395031746031746,r/Democrats,negative,1gsnoxp,1
0.6794840579710145,r/Democrats,negative,1gsnwce,1
0.6749078431372548,r/Democrats,negative,1gsoajf,1
0.7618142857142857,r/Democrats,negative,1gsrc7w,1
0.7018,r/Democrats,neutral,1gstj8l,1
0.7083871794871794,r/Democrats,negative,1gsvljm,1
0.7254559322033898,r/Democrats,negative,1gsvr2q,1
0.7451,r/Democrats,negative,1gsx9mw,1
0.7179331125827815,r/Democrats,negative,1gsxxbj,1
0.7003333333333333,r/Democrats,negative,1gt1k9y,1
0.7104107142857143,r/Democrats,negative,1gt2kyw,1
0.6649705882352942,r/Democrats,negative,1gt31gr,1
0.7182666666666666,r/Democrats,negative,1gt3d78,1
0.737394382022472,r/Democrats,negative,1gt3soz,1
0.7223533333333333,r/Democrats,negative,1gt4qy0,1
0.68689,r/Democrats,positive,1gt4rkp,1
0.709528125,r/Democrats,negative,1gt50dx,1
0.7647,r/Democrats,neutral,1gt8lrz,1
0.7480775280898877,r/Democrats,negative,1gtcwce,1
0.6966818965517242,r/Democrats,negative,1gtdnm2,1
0.660725,r/Democrats,negative,1gtfyyt,1
0.8030642857142858,r/Democrats,neutral,1gtj20s,1
0.7422579831932773,r/Democrats,negative,1gtk3ds,1
0.8041753846153846,r/Democrats,negative,1gtkq50,1
0.6757841121495326,r/Democrats,negative,1gtl9e0,1
0.7613944444444445,r/Democrats,negative,1gtldzl,1
0.7212487179487179,r/Democrats,negative,1gtn3av,1
0.6778269841269841,r/Democrats,neutral,1gtnomz,1
0.6585,r/Democrats,neutral,1gtqc5i,1
0.7123108108108108,r/Democrats,negative,1gtrjlt,1
0.7413271428571429,r/Democrats,negative,1gtsbqj,1
0.76476,r/Democrats,negative,1gtt2gd,1
0.6731050000000001,r/Democrats,negative,1gttq83,1
0.6987268656716418,r/Democrats,negative,1gtut1n,1
0.7624302197802199,r/Democrats,negative,1gtw86d,1
0.6679999999999999,r/Democrats,negative,1gtxxvb,1
0.6505375,r/Democrats,negative,1gtya3h,1
0.7951428571428572,r/Democrats,negative,1gtzfqo,1
0.741509375,r/Democrats,negative,1gtzwwx,1
0.7132318327974276,r/Democrats,negative,1gu5hjp,1
0.7371460000000001,r/Democrats,negative,1gu6oyn,1
0.6321,r/Democrats,neutral,1gu72s4,1
0.7282666666666667,r/Democrats,positive,1gu9dme,1
0.6835035294117647,r/Democrats,negative,1gu9mp8,1
0.9698,r/Democrats,negative,1gubid7,1
0.7006800000000001,r/Democrats,negative,1guccjn,1
0.6558228571428572,r/Democrats,negative,1gue4ve,1
0.6704,r/Democrats,neutral,1gueejr,1
0.8008,r/Democrats,negative,1gufxaa,1
0.71065,r/Democrats,neutral,1gufxyb,1
0.78718,r/Democrats,negative,1gug0x3,1
0.55165,r/Democrats,neutral,1gui2mk,1
